{
  "trial_number": 0,
  "params": {
    "lr": 5.6115164153345e-05,
    "weight_decay": 0.0022648248189516837,
    "optimizer": "AdamW",
    "model_name": "efficientnet_b4",
    "drop_rate": 0.519705687464961,
    "drop_path_rate": 0.18033450352296262
  }
}